QueryHitId,Hops,Seconds
1,8,0.0356063
2,11,0.0477054
