QueryHitId,Hops,Seconds
1,7,0.0356102
2,11,0.0538218
