QueryHitId,Hops,Seconds
1,6,0.0284548
2,7,0.0327694
