QueryHitId,Hops,Seconds
1,8,0.0352849
2,9,0.0392695
