QueryHitId,Hops,Seconds
1,9,0.0465208
2,11,0.0559786
