QueryHitId,Hops,Seconds
1,4,0.0228472
2,7,0.0365709
