QueryHitId,Hops,Seconds
1,4,0.0207913
2,10,0.0461633
3,10,0.0462497
