QueryHitId,Hops,Seconds
1,6,0.0340458
2,7,0.0391398
