QueryHitId,Hops,Seconds
1,8,0.0451151
2,11,0.0604767
