QueryHitId,Hops,Seconds
1,1,0.00877163
2,2,0.0131766
3,2,0.0132566
