QueryHitId,Hops,Seconds
1,1,0.00782855
2,2,0.011762
3,2,0.011842
