QueryHitId,Hops,Seconds
1,1,0.00764953
2,2,0.0114935
3,2,0.0115735
