QueryHitId,Hops,Seconds
1,1,0.00836564
2,2,0.0125677
3,2,0.0126477
