QueryHitId,Hops,Seconds
1,1,0.0086645
2,2,0.013016
3,2,0.013096
