QueryHitId,Hops,Seconds
1,1,0.00757762
2,2,0.0113856
3,2,0.0114656
