QueryHitId,Hops,Seconds
1,1,0.0090705
2,2,0.0136249
3,2,0.013705
