QueryHitId,Hops,Seconds
1,1,0.00843754
2,2,0.0126755
3,2,0.0127555
