QueryHitId,Hops,Seconds
1,1,0.00775665
2,2,0.0116542
3,2,0.0117342
