QueryHitId,Hops,Seconds
1,1,0.00861657
2,2,0.0129441
3,2,0.0130241
