QueryHitId,Hops,Seconds
1,1,0.00800758
2,2,0.0120306
3,2,0.0121106
