QueryHitId,Hops,Seconds
1,1,0.00787649
2,2,0.0118339
3,2,0.0119139
