QueryHitId,Hops,Seconds
1,1,0.00902256
2,2,0.013553
3,2,0.013633
