QueryHitId,Hops,Seconds
1,1,0.00760159
2,2,0.0114216
3,2,0.0115016
