QueryHitId,Hops,Seconds
1,1,0.00818661
2,2,0.0122991
3,2,0.0123791
