QueryHitId,Hops,Seconds
1,1,0.0087956
2,2,0.0132126
3,2,0.0132926
