QueryHitId,Hops,Seconds
1,1,0.00884353
2,2,0.0132845
3,2,0.0133645
