QueryHitId,Hops,Seconds
1,1,0.00805552
2,2,0.0121025
3,2,0.0121825
