QueryHitId,Hops,Seconds
1,8,0.0374676
2,9,0.0416947
