QueryHitId,Hops,Seconds
1,1,0.00883933
2,1,0.00893213
