QueryHitId,Hops,Seconds
1,1,0.00765621
2,1,0.00774901
