QueryHitId,Hops,Seconds
1,1,0.00894611
2,1,0.00903891
