QueryHitId,Hops,Seconds
1,1,0.00858325
2,2,0.0128941
3,2,0.0129741
4,2,0.0130541
5,2,0.0131341
6,2,0.0132141
7,2,0.0132941
8,2,0.0133741
9,2,0.0134541
10,2,0.0135341
