QueryHitId,Hops,Seconds
1,1,0.00667535
2,2,0.00990262
