QueryHitId,Hops,Seconds
1,4,0.0222207
2,5,0.0267032
3,6,0.0311985
