QueryHitId,Hops,Seconds
1,4,0.0201894
2,5,0.0242657
3,6,0.0283548
