QueryHitId,Hops,Seconds
1,4,0.0205522
2,5,0.024701
3,6,0.0288627
