QueryHitId,Hops,Seconds
1,4,0.0185075
2,5,0.0222474
3,6,0.0260001
