QueryHitId,Hops,Seconds
1,4,0.0196062
2,5,0.0235658
3,6,0.0275382
