QueryHitId,Hops,Seconds
1,4,0.0175615
2,5,0.0211122
3,6,0.0246757
