QueryHitId,Hops,Seconds
1,4,0.0207957
2,5,0.0249933
3,6,0.0292036
