QueryHitId,Hops,Seconds
1,4,0.0225983
2,5,0.0271564
3,6,0.0317273
