QueryHitId,Hops,Seconds
1,4,0.019811
2,5,0.0238116
3,6,0.027825
