QueryHitId,Hops,Seconds
1,4,0.0223257
2,5,0.0268293
3,6,0.0313456
