QueryHitId,Hops,Seconds
1,4,0.0189246
2,5,0.0227479
3,6,0.0265841
