QueryHitId,Hops,Seconds
1,4,0.0212337
2,5,0.0255189
3,6,0.0298168
