QueryHitId,Hops,Seconds
1,4,0.0225536
2,5,0.0271028
3,6,0.0316647
