QueryHitId,Hops,Seconds
1,4,0.0198706
2,5,0.0238831
3,6,0.0279084
