QueryHitId,Hops,Seconds
1,4,0.0242654
2,5,0.0291569
3,6,0.0340611
