QueryHitId,Hops,Seconds
1,4,0.0210684
2,5,0.0253204
3,6,0.0295853
