QueryHitId,Hops,Seconds
1,4,0.0245298
2,5,0.0294742
3,6,0.0344314
