QueryHitId,Hops,Seconds
1,4,0.020462
2,5,0.0245928
3,6,0.0287364
