QueryHitId,Hops,Seconds
1,4,0.022932
2,5,0.0275568
3,6,0.0321945
