QueryHitId,Hops,Seconds
1,4,0.021402
2,5,0.0257208
3,6,0.0300525
