QueryHitId,Hops,Seconds
1,4,0.0192047
2,5,0.023084
3,6,0.0269761
