QueryHitId,Hops,Seconds
1,4,0.0229023
2,5,0.0275211
3,6,0.0321528
