QueryHitId,Hops,Seconds
1,4,0.0235838
2,5,0.0283389
3,6,0.0331069
