QueryHitId,Hops,Seconds
1,4,0.0252114
2,5,0.0302921
3,6,0.0353856
