QueryHitId,Hops,Seconds
1,4,0.02069
2,5,0.0248663
3,6,0.0290555
