QueryHitId,Hops,Seconds
1,4,0.0219473
2,5,0.0263752
3,6,0.0308158
