QueryHitId,Hops,Seconds
1,4,0.0217194
2,5,0.0261016
3,6,0.0304967
