QueryHitId,Hops,Seconds
1,4,0.0195831
2,5,0.0235381
3,6,0.0275059
