QueryHitId,Hops,Seconds
1,4,0.0216747
2,5,0.026048
3,6,0.0304342
