QueryHitId,Hops,Seconds
1,4,0.025893
2,5,0.03111
3,6,0.0363397
