QueryHitId,Hops,Seconds
1,4,0.0207346
2,5,0.02492
3,6,0.0291181
