QueryHitId,Hops,Seconds
1,4,0.0168799
2,5,0.0202943
3,6,0.0237215
