QueryHitId,Hops,Seconds
1,4,0.0238482
2,5,0.0286563
3,6,0.0334771
