QueryHitId,Hops,Seconds
1,4,0.0215391
2,5,0.0258854
3,6,0.0302444
