QueryHitId,Hops,Seconds
1,4,0.021341
2,5,0.0256476
3,6,0.029967
