QueryHitId,Hops,Seconds
1,4,0.018243
2,5,0.02193
3,6,0.0256298
