QueryHitId,Hops,Seconds
1,4,0.0191891
2,5,0.0230653
3,6,0.0269543
