QueryHitId,Hops,Seconds
1,4,0.0194773
2,5,0.0234111
3,6,0.0273578
