QueryHitId,Hops,Seconds
1,4,0.0195384
2,5,0.0234844
3,6,0.0274433
