QueryHitId,Hops,Seconds
1,4,0.0231667
2,5,0.0278384
3,6,0.032523
