QueryHitId,Hops,Seconds
1,4,0.0205821
2,4,0.0205821
3,4,0.0205821
4,5,0.0247369
5,5,0.0247369
6,5,0.0247369
7,5,0.0250121
8,6,0.0289046
9,6,0.0289046
10,6,0.0289046
11,6,0.0290294
12,6,0.0290294
13,6,0.0291542
14,6,0.0292342
15,7,0.033085
16,7,0.033085
17,7,0.0331714
18,7,0.0332162
19,7,0.0332162
20,7,0.0333474
21,7,0.0333474
22,7,0.0334274
23,7,0.0334786
24,7,0.0335586
