QueryHitId,Hops,Seconds
1,4,0.0218535
2,4,0.0218535
3,4,0.0218535
4,5,0.0262626
5,5,0.0262626
6,5,0.0262626
7,5,0.0265378
8,6,0.0306845
9,6,0.0306845
10,6,0.0306845
11,6,0.0308093
12,6,0.0308093
13,6,0.0309341
14,6,0.0310141
15,7,0.0351192
16,7,0.0351192
17,7,0.0352056
18,7,0.0352504
19,7,0.0352504
20,7,0.0353816
21,7,0.0353816
22,7,0.0354616
23,7,0.0355128
24,7,0.0355928
