QueryHitId,Hops,Seconds
1,1,0.00795964
2,2,0.0119587
3,2,0.0120387
4,2,0.0121187
5,2,0.0121987
