QueryHitId,Hops,Seconds
1,1,0.0088675
2,2,0.0133204
3,2,0.0134004
4,2,0.0134804
5,2,0.0135604
