QueryHitId,Hops,Seconds
1,1,0.00856864
2,2,0.0128722
3,2,0.0129522
4,2,0.0130322
5,2,0.0131122
