QueryHitId,Hops,Seconds
1,1,0.00897463
2,2,0.0134811
3,2,0.0135611
4,2,0.0136411
5,2,0.0137211
