QueryHitId,Hops,Seconds
1,1,0.00807948
2,2,0.0121384
3,2,0.0122184
4,2,0.0122984
5,2,0.0123784
