QueryHitId,Hops,Seconds
1,1,0.00838961
2,2,0.0126036
3,2,0.0126836
4,2,0.0127636
5,2,0.0128436
