QueryHitId,Hops,Seconds
1,1,0.00778062
2,2,0.0116901
3,2,0.0117701
4,2,0.0118501
5,2,0.0119301
