QueryHitId,Hops,Seconds
1,1,0.00825851
2,2,0.012407
3,2,0.012487
4,2,0.012567
5,2,0.012647
