QueryHitId,Hops,Seconds
1,1,0.00798361
2,2,0.0119946
3,2,0.0120746
4,2,0.0121546
5,2,0.0122346
