QueryHitId,Hops,Seconds
1,1,0.00899859
2,2,0.0135171
3,2,0.0135971
4,2,0.0136771
5,2,0.0137571
