QueryHitId,Hops,Seconds
1,1,0.00780458
2,2,0.0117261
3,2,0.0118061
4,2,0.0118861
5,2,0.0119661
