QueryHitId,Hops,Seconds
1,1,0.00881956
2,2,0.0132485
3,2,0.0133285
4,2,0.0134085
5,2,0.0134885
