QueryHitId,Hops,Seconds
1,1,0.00785252
2,2,0.011798
3,2,0.011878
4,2,0.011958
5,2,0.012038
