QueryHitId,Hops,Seconds
1,1,0.00904652
2,2,0.013589
3,2,0.013669
4,2,0.013749
5,2,0.013829
