QueryHitId,Hops,Seconds
1,1,0.00864054
2,2,0.01298
3,2,0.01306
4,2,0.01314
5,2,0.01322
