QueryHitId,Hops,Seconds
1,1,0.00821058
2,2,0.0123351
3,2,0.0124151
4,2,0.0124951
5,2,0.0125751
