QueryHitId,Hops,Seconds
1,1,0.0076735
2,2,0.0115294
3,2,0.0116094
4,2,0.0116894
5,2,0.0117694
