QueryHitId,Hops,Seconds
1,1,0.00803155
2,2,0.0120665
3,2,0.0121465
4,2,0.0122265
5,2,0.0123065
