QueryHitId,Hops,Seconds
1,1,0.00762556
2,2,0.0114575
3,2,0.0115375
4,2,0.0116175
5,2,0.0116975
