QueryHitId,Hops,Seconds
1,1,0.00822844
2,2,0.0123619
3,2,0.0124419
4,2,0.0125219
5,2,0.0126019
6,2,0.0126819
7,2,0.0127619
