QueryHitId,Hops,Seconds
1,1,0.00913902
2,2,0.0137277
3,2,0.0138077
4,2,0.0138877
5,2,0.0139677
6,2,0.0140477
7,2,0.0141277
