QueryHitId,Hops,Seconds
1,1,0.00859672
2,2,0.0129143
3,2,0.0129943
4,2,0.0130743
5,2,0.0131543
6,2,0.0132343
7,2,0.0133143
