QueryHitId,Hops,Seconds
1,1,0.00829543
2,2,0.0124623
3,2,0.0125423
4,2,0.0126223
5,2,0.0127023
6,2,0.0127823
7,2,0.0128623
