QueryHitId,Hops,Seconds
1,1,0.00852973
2,2,0.0128138
3,2,0.0128938
4,2,0.0129738
5,2,0.0130538
6,2,0.0131338
7,2,0.0132138
