QueryHitId,Hops,Seconds
1,1,0.0086637
2,2,0.0130147
3,2,0.0130947
4,2,0.0131748
5,2,0.0132547
6,2,0.0133348
7,2,0.0134147
