QueryHitId,Hops,Seconds
1,1,0.00777332
2,2,0.0116792
3,2,0.0117592
4,2,0.0118392
5,2,0.0119192
6,2,0.0119992
7,2,0.0120792
