QueryHitId,Hops,Seconds
1,1,0.00876402
2,2,0.0131652
3,2,0.0132452
4,2,0.0133252
5,2,0.0134052
6,2,0.0134852
7,2,0.0135652
