QueryHitId,Hops,Seconds
1,1,0.00805441
2,2,0.0121008
3,2,0.0121808
4,2,0.0122608
5,2,0.0123408
6,2,0.0124208
7,2,0.0125008
