QueryHitId,Hops,Seconds
1,1,0.00907204
2,2,0.0136273
3,2,0.0137073
4,2,0.0137873
5,2,0.0138673
6,2,0.0139473
7,2,0.0140273
