QueryHitId,Hops,Seconds
1,1,0.008898
2,2,0.0133662
3,2,0.0134462
4,2,0.0135262
5,2,0.0136062
6,2,0.0136862
7,2,0.0137662
