QueryHitId,Hops,Seconds
1,1,0.00842941
2,2,0.0126633
3,2,0.0127433
4,2,0.0128233
5,2,0.0129033
6,2,0.0129833
7,2,0.0130633
