QueryHitId,Hops,Seconds
1,1,0.00835569
2,2,0.0125527
3,2,0.0126327
4,2,0.0127127
5,2,0.0127927
6,2,0.0128727
7,2,0.0129527
