QueryHitId,Hops,Seconds
1,1,0.0080746
2,2,0.0121311
3,2,0.0122111
4,2,0.0122911
5,2,0.0123711
6,2,0.0124511
7,2,0.0125311
