QueryHitId,Hops,Seconds
1,1,0.00836242
2,2,0.0125628
3,2,0.0126428
4,2,0.0127228
5,2,0.0128028
6,2,0.0128828
7,2,0.0129628
