QueryHitId,Hops,Seconds
1,1,0.00812139
2,2,0.0122013
3,2,0.0122813
4,2,0.0123613
5,2,0.0124413
6,2,0.0125213
7,2,0.0126013
