QueryHitId,Hops,Seconds
1,1,0.00883101
2,2,0.0132657
3,2,0.0133457
4,2,0.0134257
5,2,0.0135057
6,2,0.0135857
7,2,0.0136657
