QueryHitId,Hops,Seconds
1,1,0.0082887
2,2,0.0124523
3,2,0.0125323
4,2,0.0126123
5,2,0.0126923
6,2,0.0127723
7,2,0.0128523
