QueryHitId,Hops,Seconds
1,1,0.00782012
2,2,0.0117494
3,2,0.0118294
4,2,0.0119094
5,2,0.0119894
6,2,0.0120694
7,2,0.0121494
