QueryHitId,Hops,Seconds
1,1,0.00842268
2,2,0.0126532
3,2,0.0127332
4,2,0.0128132
5,2,0.0128932
6,2,0.0129732
7,2,0.0130532
