QueryHitId,Hops,Seconds
1,6,0.0307999
2,7,0.0350389
