QueryHitId,Hops,Seconds
1,4,0.0182044
2,4,0.0183164
