QueryHitId,Hops,Seconds
1,2,0.0123563
2,3,0.0165935
