QueryHitId,Hops,Seconds
1,3,0.0160134
2,4,0.0199327
