QueryHitId,Hops,Seconds
1,3,0.0159633
2,4,0.0198621
