QueryHitId,Hops,Seconds
1,2,0.0113944
2,4,0.0192274
