QueryHitId,Hops,Seconds
1,1,0.0088457
2,2,0.0132877
3,2,0.0133677
4,2,0.0134477
5,2,0.0135277
6,2,0.0136077
7,2,0.0136877
8,2,0.0137677
9,2,0.0138477
10,2,0.0139277
11,2,0.0140077
12,2,0.0140877
13,2,0.0141677
14,2,0.0142477
15,2,0.0143277
