QueryHitId,Hops,Seconds
1,1,0.00903678
2,2,0.0135744
3,2,0.0136544
4,2,0.0137344
5,2,0.0138144
6,2,0.0138944
7,2,0.0139744
8,2,0.0140544
9,2,0.0141344
10,2,0.0142144
11,2,0.0142944
12,2,0.0143744
13,2,0.0144544
14,2,0.0145344
15,2,0.0146144
