QueryHitId,Hops,Seconds
1,1,0.00849913
2,2,0.0127679
