QueryHitId,Hops,Seconds
1,1,0.00840014
2,3,0.0168515
