QueryHitId,Hops,Seconds
1,10,0.0535625
2,11,0.0585086
