QueryHitId,Hops,Seconds
1,8,0.0407514
2,18,0.0872468
