QueryHitId,Hops,Seconds
1,9,0.0410701
2,10,0.0452476
