QueryHitId,Hops,Seconds
1,8,0.0351824
2,10,0.0431415
