QueryHitId,Hops,Seconds
1,3,0.0138292
2,3,0.0139348
