QueryHitId,Hops,Seconds
1,3,0.0138559
2,3,0.0139615
