QueryHitId,Hops,Seconds
1,6,0.0316938
2,6,0.0316938
3,9,0.0454688
