QueryHitId,Hops,Seconds
1,6,0.0286541
2,6,0.0286541
3,9,0.0411264
