QueryHitId,Hops,Seconds
1,6,0.032204
2,6,0.032204
3,9,0.0461977
