QueryHitId,Hops,Seconds
1,6,0.0274044
2,6,0.0274044
3,9,0.0393412
