QueryHitId,Hops,Seconds
1,6,0.0307737
2,6,0.0307737
3,9,0.0441545
