QueryHitId,Hops,Seconds
1,6,0.026354
2,6,0.026354
3,9,0.0378406
