QueryHitId,Hops,Seconds
1,6,0.0280293
2,6,0.0280293
3,9,0.0402339
