QueryHitId,Hops,Seconds
1,6,0.031864
2,6,0.031864
3,9,0.045712
