QueryHitId,Hops,Seconds
1,6,0.0338792
2,6,0.0338792
3,9,0.0485909
