QueryHitId,Hops,Seconds
1,6,0.0284338
2,6,0.0284338
3,9,0.0408117
