QueryHitId,Hops,Seconds
1,6,0.027434
2,6,0.027434
3,9,0.0393834
