QueryHitId,Hops,Seconds
1,6,0.0271841
2,6,0.0271841
3,9,0.0390264
