QueryHitId,Hops,Seconds
1,6,0.0302739
2,6,0.0302739
3,9,0.0434404
