QueryHitId,Hops,Seconds
1,6,0.0363787
2,6,0.0363787
3,9,0.0521616
