QueryHitId,Hops,Seconds
1,6,0.0300239
2,6,0.0300239
3,9,0.0430833
