QueryHitId,Hops,Seconds
1,6,0.0276038
2,6,0.0276038
3,9,0.039626
