QueryHitId,Hops,Seconds
1,6,0.029774
2,6,0.029774
3,9,0.0427262
