QueryHitId,Hops,Seconds
1,6,0.0361793
2,6,0.0361793
3,9,0.0518767
