QueryHitId,Hops,Seconds
1,6,0.0311536
2,6,0.0311536
3,9,0.0446971
