QueryHitId,Hops,Seconds
1,6,0.035129
2,6,0.035129
3,9,0.0503763
