QueryHitId,Hops,Seconds
1,6,0.0305287
2,6,0.0305287
3,9,0.0438045
