QueryHitId,Hops,Seconds
1,6,0.0292741
2,6,0.0292741
3,9,0.0420121
