QueryHitId,Hops,Seconds
1,6,0.0279339
2,6,0.0279339
3,9,0.0400975
