QueryHitId,Hops,Seconds
1,6,0.0253037
2,6,0.0253037
3,9,0.0363401
