QueryHitId,Hops,Seconds
1,6,0.031614
2,6,0.031614
3,9,0.0453549
