QueryHitId,Hops,Seconds
1,6,0.0315791
2,6,0.0315791
3,9,0.0453051
