QueryHitId,Hops,Seconds
1,6,0.0281838
2,6,0.0281838
3,9,0.0404546
