QueryHitId,Hops,Seconds
1,6,0.0332544
2,6,0.0332544
3,9,0.0476982
