QueryHitId,Hops,Seconds
1,6,0.0314438
2,6,0.0314438
3,9,0.0451118
