QueryHitId,Hops,Seconds
1,6,0.0267639
2,6,0.0267639
3,9,0.0384261
