QueryHitId,Hops,Seconds
1,6,0.0234291
2,6,0.0234291
3,9,0.0336621
