QueryHitId,Hops,Seconds
1,6,0.0305238
2,6,0.0305238
3,9,0.0437974
