QueryHitId,Hops,Seconds
1,6,0.029524
2,6,0.029524
3,9,0.0423692
