QueryHitId,Hops,Seconds
1,6,0.0321139
2,6,0.0321139
3,9,0.046069
