QueryHitId,Hops,Seconds
1,6,0.0228042
2,6,0.0228042
3,9,0.0327694
