QueryHitId,Hops,Seconds
1,6,0.0328288
2,6,0.0328288
3,9,0.0470903
