QueryHitId,Hops,Seconds
1,6,0.0357539
2,6,0.0357539
3,9,0.0512689
