QueryHitId,Hops,Seconds
1,6,0.0276839
2,6,0.0276839
3,9,0.0397405
