QueryHitId,Hops,Seconds
1,6,0.0269789
2,6,0.0269789
3,9,0.0387333
