QueryHitId,Hops,Seconds
1,4,0.0219473
2,9,0.0442146
