QueryHitId,Hops,Seconds
1,7,0.0268837
2,10,0.0371763
