QueryHitId,Hops,Seconds
1,5,0.0267894
2,7,0.0358216
