QueryHitId,Hops,Seconds
1,4,0.0198219
2,5,0.0238247
