QueryHitId,Hops,Seconds
1,4,0.0199613
2,4,0.0199613
