QueryHitId,Hops,Seconds
1,7,0.0316578
2,9,0.0395922
