QueryHitId,Hops,Seconds
1,1,0.00807718
2,2,0.012135
