QueryHitId,Hops,Seconds
1,1,0.0066164
2,2,0.00994381
