QueryHitId,Hops,Seconds
1,1,0.00986126
2,2,0.0148111
