QueryHitId,Hops,Seconds
1,1,0.00877101
2,2,0.0131757
