QueryHitId,Hops,Seconds
1,1,0.00907306
2,2,0.0136288
