QueryHitId,Hops,Seconds
1,1,0.00757375
2,2,0.0113798
