QueryHitId,Hops,Seconds
1,1,0.00908406
2,2,0.0136453
