QueryHitId,Hops,Seconds
1,1,0.00856963
2,2,0.0128736
