QueryHitId,Hops,Seconds
1,1,0.00639216
2,2,0.00960745
