QueryHitId,Hops,Seconds
1,1,0.00817787
2,2,0.012286
