QueryHitId,Hops,Seconds
1,1,0.00878199
2,2,0.0131922
