QueryHitId,Hops,Seconds
1,1,0.00686812
2,2,0.0103214
