QueryHitId,Hops,Seconds
1,1,0.00887169
2,2,0.0133267
