QueryHitId,Hops,Seconds
1,1,0.00787581
2,2,0.0118329
