QueryHitId,Hops,Seconds
1,1,0.00711984
2,2,0.010699
