QueryHitId,Hops,Seconds
1,1,0.0091061
2,2,0.0136784
