QueryHitId,Hops,Seconds
1,1,0.00758474
2,2,0.0113963
