QueryHitId,Hops,Seconds
1,1,0.00885441
2,2,0.0133008
