QueryHitId,Hops,Seconds
1,1,0.00913358
2,2,0.0137196
