QueryHitId,Hops,Seconds
1,1,0.00739904
2,2,0.0111178
