QueryHitId,Hops,Seconds
1,1,0.00827856
2,2,0.012437
