QueryHitId,Hops,Seconds
1,1,0.00888268
2,2,0.0133432
