QueryHitId,Hops,Seconds
1,1,0.00988872
2,2,0.0148523
