QueryHitId,Hops,Seconds
1,1,0.00846894
2,2,0.0127226
