QueryHitId,Hops,Seconds
1,1,0.00858062
2,2,0.0128901
