QueryHitId,Hops,Seconds
1,1,0.00935782
2,2,0.0140559
