QueryHitId,Hops,Seconds
1,1,0.0068956
2,2,0.0103626
