QueryHitId,Hops,Seconds
1,1,0.00812672
2,2,0.0122093
