QueryHitId,Hops,Seconds
1,1,0.00863014
2,2,0.0129644
