QueryHitId,Hops,Seconds
1,1,0.00768542
2,2,0.0115473
