QueryHitId,Hops,Seconds
1,1,0.00664388
2,2,0.00998503
