QueryHitId,Hops,Seconds
1,1,0.00826757
2,2,0.0124206
