QueryHitId,Hops,Seconds
1,1,0.00762328
2,2,0.0114541
