QueryHitId,Hops,Seconds
1,1,0.00888186
2,2,0.013342
