QueryHitId,Hops,Seconds
1,1,0.00847994
2,2,0.0127391
