QueryHitId,Hops,Seconds
1,1,0.00777513
2,2,0.0116819
