QueryHitId,Hops,Seconds
1,1,0.00963702
2,2,0.0144747
