QueryHitId,Hops,Seconds
1,5,0.0229874
2,5,0.0231058
