QueryHitId, Hops, Seconds
1,7,0.0336896
2,7,0.0338208
