QueryHitId,Hops,Seconds
1,9,0.0437023
2,12,0.0570626
