QueryHitId,Hops,Seconds
1,6,0.0243731
2,9,0.0350107
