QueryHitId,Hops,Seconds
1,6,0.0285209
2,6,0.0285209
