QueryHitId,Hops,Seconds
1,8,0.0384689
2,9,0.0428072
