QueryHitId,Hops,Seconds
1,7,0.0314531
2,9,0.0394444
