QueryHitId,Hops,Seconds
1,5,0.0240501
2,8,0.0362479
