QueryHitId,Hops,Seconds
1,3,0.0176283
2,4,0.0219513
