QueryHitId,Hops,Seconds
1,2,0.0144189
2,3,0.0191271
