QueryHitId,Hops,Seconds
1,3,0.0136473
2,3,0.0137529
