QueryHitId,Hops,Seconds
1,4,0.0176294
2,4,0.0177414
3,4,0.0178534
