QueryHitId,Hops,Seconds
1,4,0.017626
2,4,0.017738
3,4,0.01785
