QueryHitId,Hops,Seconds
1,4,0.0176428
2,4,0.0178155
