QueryHitId,Hops,Seconds
1,4,0.0176394
2,4,0.0177514
