QueryHitId,Hops,Seconds
1,2,0.0126563
2,5,0.0254277
