QueryHitId,Hops,Seconds
1,6,0.0237156
2,7,0.0271548
