QueryHitId,Hops,Seconds
1,5,0.0202335
2,7,0.0270804
