QueryHitId,Hops,Seconds
1,5,0.0242707
2,6,0.0283606
