QueryHitId,Hops,Seconds
1,6,0.0297272
2,7,0.0340252
