QueryHitId,Hops,Seconds
1,5,0.0253752
2,8,0.0382356
