QueryHitId, Hops, Seconds
1,1,0.0083456
2,1,0.0084384
