QueryHitId, Hops, Seconds
1,2,0.0125376
2,2,0.0126368
