QueryHitId,Hops,Seconds
1,2,0.0120426
2,3,0.0160824
