QueryHitId,Hops,Seconds
1,2,0.0107242
2,2,0.0108234
