QueryHitId,Hops,Seconds
1,2,0.0140151
2,2,0.0141879
