QueryHitId,Hops,Seconds
1,2,0.0116611
2,2,0.0117603
