QueryHitId, Hops, Seconds
1,4,0.02096
2,4,0.02096
3,4,0.0210528
