QueryHitId,Hops,Seconds
1,4,0.0206692
2,6,0.0290265
