QueryHitId,Hops,Seconds
1,4,0.0224271
2,5,0.0269509
