QueryHitId, Hops, Seconds
1,1,0.0083456
2,2,0.0125376
3,2,0.0126176
