QueryHitId,Hops,Seconds
1,4,0.0221438
2,4,0.0221438
