QueryHitId,Hops,Seconds
1,4,0.0192645
2,4,0.0192645
