QueryHitId,Hops,Seconds
1,4,0.0161789
2,4,0.0161789
