QueryHitId,Hops,Seconds
1,4,0.0221067
2,4,0.0221067
