QueryHitId,Hops,Seconds
1,4,0.0162254
2,4,0.0162254
