QueryHitId,Hops,Seconds
1,4,0.0195267
2,4,0.0195267
