QueryHitId,Hops,Seconds
1,4,0.0159931
2,4,0.0159931
