QueryHitId,Hops,Seconds
1,4,0.0228611
2,4,0.0228611
