QueryHitId,Hops,Seconds
1,4,0.0207609
2,4,0.0207609
