QueryHitId,Hops,Seconds
1,4,0.0208538
2,4,0.0208538
