QueryHitId,Hops,Seconds
1,4,0.0194524
2,4,0.0194524
