QueryHitId,Hops,Seconds
1,4,0.0220695
2,4,0.0220695
