QueryHitId,Hops,Seconds
1,4,0.0194968
2,4,0.0194968
