QueryHitId,Hops,Seconds
1,4,0.0193574
2,4,0.0193574
