QueryHitId,Hops,Seconds
1,4,0.0208167
2,4,0.0208167
