QueryHitId,Hops,Seconds
1,4,0.0161324
2,4,0.0161324
