QueryHitId,Hops,Seconds
1,4,0.0160396
2,4,0.0160396
