QueryHitId,Hops,Seconds
1,4,0.0195453
2,4,0.0195453
