QueryHitId,Hops,Seconds
1,4,0.0229075
2,4,0.0229075
