QueryHitId,Hops,Seconds
1,4,0.0194038
2,4,0.0194038
