QueryHitId,Hops,Seconds
1,4,0.0220881
2,4,0.0220881
