QueryHitId,Hops,Seconds
1,4,0.0207423
2,4,0.0207423
