QueryHitId,Hops,Seconds
1,4,0.0227681
2,4,0.0227681
