QueryHitId,Hops,Seconds
1,4,0.0259001
2,4,0.0259001
