QueryHitId,Hops,Seconds
1,4,0.0225823
2,4,0.0225823
