QueryHitId,Hops,Seconds
1,4,0.0207238
2,4,0.0207238
