QueryHitId,Hops,Seconds
1,4,0.0208353
2,4,0.0208353
