QueryHitId,Hops,Seconds
1,4,0.0221624
2,4,0.0221624
