QueryHitId,Hops,Seconds
1,4,0.0195081
2,4,0.0195081
