QueryHitId,Hops,Seconds
1,4,0.0227217
2,4,0.0227217
