QueryHitId,Hops,Seconds
1,4,0.0208724
2,4,0.0208724
