QueryHitId,Hops,Seconds
1,4,0.0225358
2,4,0.0225358
