QueryHitId,Hops,Seconds
1,4,0.0194503
2,4,0.0194503
