QueryHitId,Hops,Seconds
1,4,0.0194338
2,4,0.0194338
