QueryHitId,Hops,Seconds
1,4,0.0226288
2,4,0.0226288
