QueryHitId,Hops,Seconds
1,4,0.0258537
2,4,0.0258537
