QueryHitId,Hops,Seconds
1,1,0.00861441
2,2,0.0129408
3,2,0.0130208
4,2,0.0131008
5,2,0.0131808
6,2,0.0132608
7,2,0.0133408
8,2,0.0134208
9,2,0.0135008
10,2,0.0135808
