QueryHitId, Hops, Seconds
1,3,0.0167424
2,5,0.0251904
