QueryHitId,Hops,Seconds
1,1,0.00884642
2,3,0.0175712
