QueryHitId,Hops,Seconds
1,1,0.0086855
2,1,0.0087783
