QueryHitId,Hops,Seconds
1,1,0.00704136
2,1,0.00713416
