QueryHitId,Hops,Seconds
1,1,0.00897086
2,1,0.00906366
