QueryHitId,Hops,Seconds
1,1,0.00763146
2,2,0.0114664
