QueryHitId,Hops,Seconds
1,4,0.0196367
2,16,0.0680702
