QueryHitId,Hops,Seconds
1,9,0.0432474
2,9,0.0432474
