QueryHitId,Hops,Seconds
1,4,0.0245206
2,8,0.0443675
